country,Variable,N,Mean,Median,Std Dev,Min,Max
Nicaragua,DRG Aid ($M),23,18.115,14.602,17.31,-1.1,89.819
Nicaragua,Liberal Dem (v2x_libdem),23,0.181,0.156,0.126,0.021,0.377
Nicaragua,Civil Society (v2x_cspart),23,0.456,0.575,0.181,0.129,0.619
Nicaragua,Electoral Dem (v2x_polyarchy),23,0.383,0.371,0.153,0.158,0.601
Georgia,DRG Aid ($M),23,31.169,28.838,14.544,16.87,85.441
Georgia,Liberal Dem (v2x_libdem),23,0.398,0.378,0.097,0.208,0.518
Georgia,Civil Society (v2x_cspart),23,0.7,0.726,0.122,0.407,0.826
Georgia,Electoral Dem (v2x_polyarchy),23,0.559,0.548,0.094,0.379,0.685
Jordan,DRG Aid ($M),23,52.158,28.613,124.075,0.319,614.471
Jordan,Liberal Dem (v2x_libdem),23,0.21,0.215,0.033,0.131,0.25
Jordan,Civil Society (v2x_cspart),23,0.551,0.599,0.084,0.43,0.646
Jordan,Electoral Dem (v2x_polyarchy),23,0.239,0.246,0.022,0.185,0.263
South Sudan,DRG Aid ($M),13,37.852,23.775,36.571,8.281,133.947
South Sudan,Liberal Dem (v2x_libdem),13,0.069,0.066,0.015,0.053,0.1
South Sudan,Civil Society (v2x_cspart),13,0.305,0.316,0.051,0.208,0.394
South Sudan,Electoral Dem (v2x_polyarchy),13,0.163,0.164,0.018,0.13,0.194
